{
  "project_info": {
    "project_number": "277907464112",
    "firebase_url": "https://phonecasemockuptest.firebaseio.com",
    "project_id": "phonecasemockuptest",
    "storage_bucket": "phonecasemockuptest.appspot.com"
  },
  "client": [
    {
      "client_info": {
        "mobilesdk_app_id": "1:277907464112:android:68743c02e2a98ee15a4075",
        "android_client_info": {
          "package_name": "com.gmail.phonecasemockuptest"
        }
      },
      "oauth_client": [
        {
          "client_id": "277907464112-d06ecufms12bqa0q1spmdnt6usv3apol.apps.googleusercontent.com",
          "client_type": 1,
          "android_info": {
            "package_name": "com.gmail.phonecasemockuptest",
            "certificate_hash": "8abbfcc310cb688792ce19eab9ebedacece26e3d"
          }
        },
        {
          "client_id": "277907464112-u228qfaoj9qdhefkm5lk199na98tdijp.apps.googleusercontent.com",
          "client_type": 3
        }
      ],
      "api_key": [
        {
          "current_key": "AIzaSyAaC0AZHZGVWAB5TG8CvO6WZ2txyg48aH8"
        }
      ],
      "services": {
        "appinvite_service": {
          "other_platform_oauth_client": [
            {
              "client_id": "277907464112-u228qfaoj9qdhefkm5lk199na98tdijp.apps.googleusercontent.com",
              "client_type": 3
            }
          ]
        }
      }
    }
  ],
  "configuration_version": "1"
}